0;0;0;0;land;false;unknown;0
1;162;206;169;land;true;plains;1
2;242;228;210;land;true;plains;1
3;146;161;221;land;true;plains;1
4;193;135;190;land;true;plains;1
5;178;183;224;land;true;plains;1
6;168;244;161;land;true;plains;1
7;241;93;179;land;true;urban;1
8;218;230;118;land;true;urban;1
9;213;230;65;land;false;plains;1
10;191;175;165;land;true;plains;1
11;216;147;167;land;true;plains;1
12;185;179;157;land;true;plains;1
13;199;105;220;land;false;plains;1
14;223;244;135;land;false;urban;1
15;217;62;234;land;true;plains;1
16;217;121;251;land;true;forest;1
17;235;254;218;land;false;plains;1
18;211;195;138;land;true;urban;1
19;130;205;194;land;false;urban;1
20;150;238;138;land;true;plains;1
21;140;157;210;land;false;urban;1
22;23;251;244;land;true;mountain;1
23;206;247;51;land;false;plains;1
24;229;249;75;land;true;plains;1
25;122;219;241;land;false;plains;1
26;225;137;156;land;true;mountain;1
27;216;243;167;land;false;plains;1
28;219;48;251;land;false;urban;1
29;216;137;188;land;true;plains;1
30;202;200;221;land;false;plains;1
31;178;254;99;land;true;plains;1
32;244;180;132;land;true;urban;1
33;237;123;231;land;true;forest;1
34;198;177;159;land;false;plains;1
35;223;162;132;land;true;plains;1
36;250;165;116;land;true;hills;1
37;245;151;158;land;true;hills;1
38;151;184;214;land;true;urban;1
39;159;170;253;land;true;forest;1
40;246;195;210;land;false;plains;1
41;213;197;113;land;true;plains;1
42;221;221;63;land;true;plains;1
43;210;145;245;land;true;plains;1
44;239;199;195;land;true;mountain;1
45;181;215;205;land;true;mountain;1
46;214;215;151;land;true;plains;1
47;252;164;207;land;false;urban;1
48;17;240;253;land;true;plains;1
49;254;225;176;land;true;plains;1
50;234;70;248;land;true;mountain;1
51;239;241;120;land;true;mountain;1
52;182;126;221;land;true;urban;1
53;189;126;253;land;true;forest;1
54;239;131;239;land;true;plains;1
55;214;243;124;land;false;plains;1
56;108;183;234;land;false;plains;1
57;189;221;214;land;false;plains;1
58;244;153;148;land;true;plains;1
59;154;150;224;land;false;plains;1
60;130;252;137;land;true;plains;1
61;66;213;253;land;true;plains;1
62;248;225;78;land;true;plains;1
63;138;171;209;land;true;plains;1
64;219;194;179;land;false;urban;1
65;253;138;229;land;true;plains;1
66;246;215;127;land;false;hills;1
67;186;180;136;land;true;urban;1
68;195;246;239;land;true;mountain;1
69;42;245;229;land;false;forest;1
70;159;172;180;land;true;plains;1
71;108;248;166;land;true;mountain;1
72;216;116;235;land;false;forest;1
73;110;251;227;land;true;urban;1
74;135;142;238;land;true;plains;1
75;185;238;219;land;false;plains;1
76;225;230;110;land;false;plains;1
77;221;204;138;land;true;plains;1
78;228;238;117;land;false;plains;1
79;134;227;219;land;true;plains;1
80;161;242;198;land;false;plains;1
81;185;134;240;land;true;plains;1
82;86;203;240;land;true;plains;1
83;168;152;202;land;true;plains;1
84;204;95;253;land;false;plains;1
85;253;200;165;land;true;plains;1
86;223;168;183;land;true;plains;1
87;178;157;214;land;true;plains;1
88;203;132;225;land;false;urban;1
89;170;225;237;land;true;plains;1
90;207;186;133;land;false;plains;1
91;119;212;214;land;true;plains;1
92;119;219;218;land;true;plains;1
93;128;199;225;land;true;plains;1
94;241;151;237;land;true;urban;1
95;94;212;254;land;true;plains;1
96;145;242;230;land;true;mountain;1
97;115;249;241;land;false;plains;1
98;223;233;83;land;false;plains;1
99;207;244;184;land;false;plains;1
100;83;219;228;land;false;plains;1
101;162;162;229;land;false;urban;1
102;237;212;65;land;false;plains;1
103;135;212;239;land;false;plains;1
104;249;209;201;land;true;plains;1
105;221;247;155;land;true;urban;1
106;230;250;33;land;true;plains;1
107;239;134;209;land;false;plains;1
108;241;37;253;land;true;hills;1
109;98;246;202;land;false;plains;1
110;253;169;181;land;true;hills;1
111;254;154;220;land;true;plains;1
112;179;188;201;land;true;plains;1
113;140;135;237;land;false;plains;1
114;243;181;233;land;true;plains;1
115;227;121;169;land;false;plains;1
116;200;235;235;land;true;plains;1
117;237;159;131;land;false;urban;1
118;124;169;218;land;false;plains;1
119;207;113;204;land;true;plains;1
120;169;201;156;land;true;plains;1
121;160;184;208;land;false;plains;1
122;233;200;117;land;false;plains;1
123;203;173;225;land;true;plains;1
124;224;216;146;land;true;plains;1
125;169;183;215;land;false;plains;1
126;210;123;202;land;true;mountain;1
127;137;247;226;land;true;hills;1
128;139;222;220;land;true;hills;1
129;187;247;91;land;true;plains;1
130;252;251;186;land;true;urban;1
131;160;103;245;land;true;urban;1
132;181;218;237;land;false;plains;1
133;206;205;247;land;false;plains;1
134;211;176;154;land;true;urban;1
135;235;234;127;land;false;plains;1
136;222;174;173;land;true;urban;1
137;174;194;226;land;true;mountain;1
138;254;209;183;land;true;hills;1
139;176;209;230;land;true;plains;1
140;161;132;253;land;false;plains;1
141;146;187;225;land;false;plains;1
142;219;198;127;land;true;mountain;1
143;178;247;183;land;true;plains;1
144;234;27;250;land;true;urban;1
145;208;248;145;land;false;plains;1
146;215;237;235;land;true;urban;1
147;81;212;247;land;true;plains;1
148;235;214;69;land;true;plains;1
149;237;226;126;land;true;urban;1
150;160;195;192;land;false;plains;1
151;206;184;187;land;true;mountain;1
152;229;145;245;land;true;plains;1
153;169;224;175;land;true;plains;1
154;87;192;222;land;true;mountain;1
155;131;225;159;land;true;plains;1
156;158;254;126;land;true;plains;1
157;215;145;227;land;true;plains;1
158;197;149;223;land;true;plains;1
159;201;246;138;land;true;urban;1
160;246;232;75;land;true;urban;1
161;111;202;188;land;true;forest;1
162;221;252;66;land;true;plains;1
163;241;102;240;land;true;plains;1
164;131;164;216;land;false;hills;1
165;177;208;232;land;true;plains;1
166;187;239;90;land;true;plains;1
167;206;161;211;land;false;plains;1
168;155;244;251;land;true;forest;1
169;169;102;230;land;true;plains;1
170;239;228;37;land;false;plains;1
171;142;189;252;land;false;plains;1
172;224;246;175;land;true;plains;1
173;75;254;197;land;true;plains;1
174;193;190;118;land;true;mountain;1
175;247;199;82;land;true;urban;1
176;182;99;251;land;true;urban;1
177;187;131;253;land;true;plains;1
178;247;170;236;land;true;plains;1
179;253;24;244;land;true;plains;1
180;248;203;81;land;true;plains;1
181;187;191;135;land;false;plains;1
182;231;246;39;land;true;plains;1
183;221;226;71;land;true;mountain;1
184;106;210;239;land;false;urban;1
185;202;236;80;land;false;plains;1
186;230;36;246;land;true;plains;1
187;136;136;250;land;false;plains;1
188;169;223;192;land;true;forest;1
189;173;228;125;land;true;urban;1
190;196;118;210;land;false;plains;1
191;184;244;170;land;true;mountain;1
192;233;179;210;land;true;plains;1
193;222;31;250;land;true;mountain;1
194;226;234;66;land;true;hills;1
195;155;191;250;land;true;forest;1
196;158;213;202;land;true;urban;1
197;61;248;217;land;true;plains;1
198;135;245;167;land;true;plains;1
199;239;244;157;land;true;plains;1
200;178;241;251;land;false;plains;1
201;237;76;243;land;false;plains;1
202;230;236;52;land;true;plains;1
203;207;146;223;land;true;plains;1
204;123;170;210;land;true;plains;1
205;225;116;212;land;true;plains;1
206;235;213;249;land;true;plains;1
207;86;187;241;land;true;mountain;1
208;129;197;229;land;true;plains;1
209;203;184;163;land;true;plains;1
210;251;111;206;land;true;plains;1
211;228;89;212;land;false;plains;1
212;212;191;186;land;false;plains;1
213;176;175;231;land;true;urban;1
214;202;205;180;land;false;plains;1
215;249;245;230;land;true;forest;1
216;176;230;201;land;false;plains;1
217;170;107;236;land;true;plains;1
218;243;133;146;land;true;plains;1
219;206;200;249;land;true;plains;1
220;174;197;223;land;true;mountain;1
221;246;189;118;land;false;forest;1
222;249;143;180;land;false;plains;1
223;141;194;253;land;false;plains;1
224;217;240;117;land;true;plains;1
225;247;126;172;land;false;plains;1
226;215;216;251;land;false;plains;1
227;127;237;181;land;false;plains;1
228;231;109;218;land;true;plains;1
229;214;109;181;land;true;plains;1
230;238;160;207;land;true;plains;1
231;205;188;237;land;true;forest;1
232;216;251;240;land;true;plains;1
233;199;167;249;land;true;urban;1
234;249;248;89;land;true;plains;1
235;141;185;216;land;true;plains;1
236;234;208;174;land;true;plains;1
237;72;243;225;land;false;plains;1
238;225;174;155;land;true;plains;1
239;183;252;198;land;true;urban;1
240;173;219;173;land;false;plains;1
241;230;219;56;land;false;plains;1
242;138;169;249;land;true;plains;1
243;195;179;220;land;true;plains;1
244;138;240;238;land;true;urban;1
245;230;218;82;land;true;plains;1
246;121;240;204;land;true;plains;1
247;92;171;253;land;true;hills;1
248;138;224;146;land;true;plains;1
249;225;232;109;land;false;urban;1
250;177;195;245;land;false;plains;1
251;171;194;179;land;true;plains;1
252;167;183;226;land;true;plains;1
253;167;199;229;land;true;plains;1
254;242;212;243;land;true;plains;1
255;224;188;214;land;true;mountain;1
256;237;201;244;land;false;plains;1
257;187;171;213;land;true;urban;1
258;251;123;143;land;true;forest;1
259;211;119;187;land;false;plains;1
260;215;234;153;land;true;mountain;1
261;225;96;189;land;true;plains;1
262;249;198;199;land;true;plains;1
263;146;204;213;land;true;urban;1
264;227;150;219;land;true;plains;1
265;98;230;192;land;false;plains;1
266;238;170;209;land;true;plains;1
267;177;231;103;land;true;plains;1
268;204;228;167;land;true;urban;1
269;168;143;251;land;true;plains;1
270;252;203;104;land;true;hills;1
271;238;220;241;land;false;plains;1
272;168;185;187;land;true;plains;1
273;243;78;180;land;true;plains;1
274;218;189;127;land;true;forest;1
275;40;243;246;land;true;plains;1
276;190;89;244;land;false;plains;1
277;209;199;163;land;true;plains;1
278;219;37;245;land;true;forest;1
279;141;248;176;land;true;urban;1
280;250;219;33;land;true;plains;1
281;173;200;180;land;true;plains;1
282;165;141;234;land;true;plains;1
283;178;142;219;land;true;hills;1
284;189;181;206;land;false;urban;1
285;132;244;208;land;false;plains;1
286;226;236;228;land;true;plains;1
287;201;206;173;land;true;forest;1
288;242;84;227;land;true;plains;1
289;113;247;227;land;false;forest;1
290;183;152;224;land;true;plains;1
291;156;242;173;land;true;plains;1
292;198;225;210;land;true;plains;1
293;103;253;202;land;false;plains;1
294;146;214;158;land;true;plains;1
295;79;194;253;land;true;urban;1
296;254;114;227;land;true;plains;1
297;187;130;187;land;false;plains;1
298;253;233;34;land;false;plains;1
299;245;89;254;land;true;urban;1
300;175;142;195;land;true;hills;1
301;247;160;235;land;true;plains;1
302;90;236;201;land;false;plains;1
303;70;248;193;land;true;plains;1
304;179;237;93;land;true;plains;1
305;213;91;200;land;true;mountain;1
306;132;218;225;land;true;mountain;1
307;149;238;187;land;true;plains;1
308;222;238;161;land;true;hills;1
309;231;221;156;land;true;plains;1
310;177;159;205;land;true;plains;1
311;81;236;188;land;true;plains;1
312;245;223;209;land;true;hills;1
313;176;149;181;land;true;plains;1
314;113;185;241;land;true;urban;1
315;228;92;216;land;true;plains;1
316;121;250;197;land;false;plains;1
317;144;129;230;land;true;hills;1
318;112;236;193;land;false;urban;1
319;211;245;60;land;true;urban;1
320;193;153;240;land;true;plains;1
321;229;207;82;land;true;urban;1
322;96;232;233;land;false;plains;1
323;204;248;223;land;true;forest;1
324;249;219;79;land;true;plains;1
325;182;230;192;land;true;plains;1
326;155;233;172;land;true;urban;1
327;234;191;159;land;false;plains;1
328;236;253;140;land;true;mountain;1
329;233;181;223;land;false;plains;1
330;239;212;179;land;true;plains;1
331;231;246;36;land;true;plains;1
332;214;252;43;land;true;plains;1
333;187;220;208;land;true;plains;1
334;247;225;200;land;false;urban;1
335;232;253;59;land;true;plains;1
336;193;234;248;land;false;plains;1
337;228;232;219;land;true;plains;1
338;113;172;240;land;false;plains;1
339;138;137;251;land;true;plains;1
340;236;172;168;land;false;plains;1
341;135;223;233;land;true;urban;1
342;242;232;35;land;true;plains;1
343;236;253;107;land;false;plains;1
344;135;144;230;land;false;plains;1
345;211;135;252;land;true;urban;1
346;174;193;138;land;true;plains;1
347;186;88;241;land;true;hills;1
348;139;156;207;land;true;mountain;1
349;128;191;194;land;true;plains;1
350;230;191;214;land;false;plains;1
351;243;110;200;land;true;plains;1
352;242;212;214;land;true;plains;1
353;223;202;226;land;true;plains;1
354;188;162;220;land;true;plains;1
355;193;173;143;land;true;mountain;1
356;244;189;188;land;true;urban;1
357;230;136;169;land;true;plains;1
358;252;154;162;land;true;plains;1
359;213;144;249;land;true;plains;1
360;240;220;71;land;false;plains;1
361;155;208;233;land;true;plains;1
362;246;97;218;land;true;plains;1
363;236;132;141;land;false;plains;1
364;132;245;246;land;true;plains;1
365;175;117;215;land;true;plains;1
366;131;205;200;land;true;urban;1
367;249;208;121;land;false;plains;1
368;156;173;181;land;true;urban;1
369;203;194;220;land;true;plains;1
370;140;197;201;land;true;plains;1
371;203;210;239;land;true;hills;1
372;79;225;205;land;true;plains;1
373;202;240;160;land;true;plains;1
374;210;185;167;land;true;plains;1
375;159;139;215;land;true;plains;1
376;253;198;108;land;false;plains;1
377;233;252;192;land;true;plains;1
378;232;164;191;land;true;plains;1
379;220;242;236;land;true;plains;1
380;147;215;236;land;true;plains;1
381;254;175;202;land;false;plains;1
382;107;234;160;land;true;plains;1
383;199;235;254;land;true;plains;1
384;252;135;243;land;true;hills;1
385;210;242;69;land;true;urban;1
386;184;204;230;land;false;plains;1
387;243;39;230;land;true;plains;1
388;194;187;238;land;false;plains;1
389;185;182;137;land;false;plains;1
390;232;245;207;land;false;plains;1
391;208;251;62;land;false;plains;1
392;254;234;149;land;true;plains;1
393;202;163;215;land;true;plains;1
394;160;149;242;land;true;plains;1
395;226;199;160;land;true;plains;1
396;205;183;169;land;true;plains;1
397;234;222;120;land;true;plains;1
398;199;182;201;land;true;forest;1
399;238;212;91;land;false;plains;1
400;196;193;176;land;true;plains;1
401;235;246;227;land;true;plains;1
402;172;124;240;land;true;urban;1
403;137;253;123;land;true;plains;1
404;237;173;235;land;false;plains;1
405;248;93;191;land;true;forest;1
406;145;233;144;land;true;mountain;1
407;242;247;215;land;false;forest;1
408;93;247;179;land;true;plains;1
409;254;178;189;land;false;plains;1
410;111;167;250;land;true;forest;1
411;125;197;241;land;false;plains;1
412;239;134;153;land;false;urban;1
413;241;242;231;land;true;plains;1
414;225;226;253;land;false;plains;1
415;115;186;253;land;true;mountain;1
416;162;242;164;land;true;plains;1
417;85;168;253;land;true;mountain;1
418;113;244;183;land;true;mountain;1
419;221;218;144;land;true;plains;1
420;181;166;210;land;true;plains;1
421;245;156;237;land;false;urban;1
422;134;176;237;land;true;plains;1
423;175;142;223;land;true;plains;1
424;249;184;82;land;true;plains;1
425;76;238;214;land;true;mountain;1
426;243;197;86;land;true;urban;1
427;189;63;253;land;true;hills;1
428;181;76;248;land;false;forest;1
429;172;166;167;land;true;plains;1
430;229;52;226;land;true;plains;1
431;197;250;214;land;true;plains;1
432;235;177;129;land;true;plains;1
433;253;213;197;land;true;plains;1
434;195;151;252;land;false;plains;1
435;226;166;246;land;false;plains;1
436;189;228;198;land;true;mountain;1
437;196;191;215;land;true;plains;1
438;128;216;188;land;true;plains;1
439;248;50;226;land;false;plains;1
440;243;207;77;land;true;plains;1
441;212;162;201;land;true;plains;1
442;237;223;248;land;true;plains;1
443;169;93;253;land;true;plains;1
444;182;175;214;land;true;hills;1
445;188;140;213;land;true;plains;1
446;124;191;219;land;true;mountain;1
447;191;251;239;land;false;plains;1
448;232;126;210;land;true;plains;1
449;188;73;245;land;true;hills;1
450;230;101;198;land;true;plains;1
451;146;220;226;land;true;plains;1
452;153;125;246;land;true;mountain;1
453;54;253;195;land;true;plains;1
454;219;77;221;land;true;urban;1
455;253;204;67;land;true;urban;1
456;236;204;126;land;true;mountain;1
457;57;246;249;land;true;plains;1
458;252;250;205;land;true;plains;1
459;228;194;183;land;true;mountain;1
460;229;175;211;land;true;plains;1
461;143;241;229;land;true;plains;1
462;92;229;200;land;true;plains;1
463;107;185;252;land;false;plains;1
464;216;176;144;land;false;hills;1
465;160;150;221;land;true;plains;1
466;142;208;249;land;false;plains;1
467;206;254;68;land;true;mountain;1
468;248;140;206;land;true;plains;1
469;224;177;187;land;true;hills;1
470;248;168;204;land;true;mountain;1
471;252;86;203;land;true;urban;1
472;84;191;254;land;true;plains;1
473;210;156;143;land;true;urban;1
474;200;232;158;land;true;plains;1
475;185;199;229;land;true;mountain;1
476;192;253;96;land;false;urban;1
477;140;246;230;land;true;plains;1
478;227;105;241;land;true;urban;1
479;190;186;210;land;true;plains;1
480;156;224;132;land;false;plains;1
481;142;254;247;land;true;plains;1
482;146;243;250;land;true;plains;1
483;80;246;185;land;false;plains;1
484;241;144;215;land;true;plains;1
485;214;239;221;land;true;plains;1
486;175;205;211;land;false;plains;1
487;249;200;68;land;true;plains;1
488;98;176;232;land;true;mountain;1
489;139;222;141;land;true;urban;1
490;191;198;167;land;true;mountain;1
491;198;252;112;land;true;forest;1
492;138;236;137;land;true;urban;1
493;119;200;202;land;true;mountain;1
494;218;177;131;land;true;urban;1
495;250;129;139;land;false;forest;1
496;252;141;182;land;true;urban;1
497;196;234;115;land;false;forest;1
498;166;197;240;land;true;forest;1
499;91;232;204;land;true;plains;1
500;250;134;227;land;true;plains;1
501;190;199;133;land;true;urban;1
502;231;125;246;land;true;forest;1
503;187;200;122;land;false;plains;1
504;86;249;221;land;true;urban;1
505;224;190;179;land;true;mountain;1
506;156;225;122;land;true;urban;1
507;251;66;221;land;true;plains;1
508;248;104;198;land;true;plains;1
509;222;174;106;land;true;plains;1
510;242;118;162;land;false;plains;1
511;101;212;253;land;true;mountain;1
512;247;203;167;land;true;plains;1
513;54;230;228;land;true;mountain;1
514;205;239;229;land;true;plains;1
515;193;150;208;land;true;mountain;1
516;176;218;177;land;true;urban;1
517;121;189;204;land;true;mountain;1
518;219;246;151;land;true;plains;1
519;202;240;127;land;true;mountain;1
520;122;243;154;land;true;plains;1
521;221;81;215;land;true;mountain;1
522;207;122;241;land;true;urban;1
523;15;4;34;sea;true;ocean;0
524;32;23;7;sea;false;ocean;0
525;32;0;2;sea;false;ocean;0
526;23;45;16;sea;false;ocean;0
527;41;11;45;sea;false;ocean;0
528;3;11;43;sea;false;ocean;0
529;70;9;5;sea;false;ocean;0
530;1;19;78;sea;false;ocean;0
531;8;58;5;sea;false;ocean;0
532;36;9;29;sea;true;ocean;0
533;14;55;25;sea;false;ocean;0
534;35;22;8;sea;false;ocean;0
535;37;10;9;sea;false;ocean;0
536;24;34;37;sea;false;ocean;0
537;26;21;45;sea;false;ocean;0
538;22;14;59;sea;true;ocean;0
539;0;31;14;sea;false;ocean;0
540;0;76;9;sea;false;ocean;0
541;43;36;5;sea;true;ocean;0
542;54;35;2;sea;false;ocean;0
543;2;46;49;sea;false;ocean;0
544;9;6;17;sea;true;ocean;0
545;3;25;61;sea;false;ocean;0
546;2;84;6;sea;false;ocean;0
547;8;36;22;sea;true;ocean;0
548;6;20;69;sea;false;ocean;0
549;26;1;18;sea;false;ocean;0
550;10;30;44;sea;true;ocean;0
551;44;18;32;sea;true;ocean;0
552;50;5;40;sea;false;ocean;0
553;14;75;5;sea;false;ocean;0
554;8;7;81;sea;false;ocean;0
555;23;39;16;sea;false;ocean;0
556;8;24;47;sea;true;ocean;0
557;16;64;3;sea;true;ocean;0
558;8;16;50;sea;false;ocean;0
559;25;46;28;sea;false;ocean;0
560;38;16;11;sea;false;ocean;0
561;53;29;12;sea;false;ocean;0
562;21;24;3;sea;true;ocean;0
563;6;26;52;sea;false;ocean;0
564;24;40;2;sea;false;ocean;0
565;8;16;39;sea;true;ocean;0
566;23;24;25;sea;false;ocean;0
567;32;44;13;sea;true;ocean;0
568;28;11;27;sea;false;ocean;0
569;70;13;7;sea;true;ocean;0
570;47;34;14;sea;false;ocean;0
571;18;26;17;sea;true;ocean;0
572;18;70;4;sea;true;ocean;0
573;7;37;18;sea;false;ocean;0
574;31;17;12;sea;true;ocean;0
575;30;8;41;sea;false;ocean;0
576;16;8;32;sea;false;ocean;0
577;12;37;42;sea;false;ocean;0
578;67;3;11;sea;false;ocean;0
579;44;40;3;sea;false;ocean;0
580;10;15;40;sea;true;ocean;0
581;18;56;17;sea;false;ocean;0
582;11;36;49;sea;false;ocean;0
583;43;17;0;sea;false;ocean;0
584;17;30;0;sea;true;ocean;0
585;36;20;19;sea;false;ocean;0
586;15;77;0;sea;true;ocean;0
587;5;38;15;sea;false;ocean;0
588;56;37;1;sea;true;ocean;0
589;22;5;12;sea;true;ocean;0
590;23;14;14;sea;false;ocean;0
591;1;34;9;sea;false;ocean;0
592;11;5;79;sea;false;ocean;0
593;16;47;6;sea;false;ocean;0
594;12;75;4;sea;false;ocean;0
595;17;43;37;sea;true;ocean;0
596;20;27;51;sea;false;ocean;0
597;12;27;18;sea;false;ocean;0
598;47;3;7;sea;false;ocean;0
599;14;31;15;sea;false;ocean;0
600;44;45;4;sea;false;ocean;0
601;19;18;61;sea;false;ocean;0
602;27;35;26;sea;true;ocean;0
603;21;55;3;sea;true;ocean;0
604;31;19;28;sea;false;ocean;0
605;4;35;9;sea;false;ocean;0
606;32;19;12;sea;false;ocean;0
607;4;20;49;sea;false;ocean;0
608;27;2;38;sea;true;ocean;0
609;28;17;36;sea;false;ocean;0
610;37;22;16;sea;false;ocean;0
611;3;26;57;sea;false;ocean;0
612;27;17;46;sea;true;ocean;0
613;9;34;53;sea;false;ocean;0
614;15;13;66;sea;true;ocean;0
615;30;0;7;sea;false;ocean;0
616;10;32;42;sea;false;ocean;0
617;7;25;67;sea;false;ocean;0
618;7;28;21;sea;false;ocean;0
619;8;74;6;sea;true;ocean;0
620;48;5;38;sea;false;ocean;0
621;30;4;41;sea;false;ocean;0
622;19;4;54;sea;true;ocean;0
623;15;31;17;sea;false;ocean;0
624;8;31;30;sea;false;ocean;0
625;3;11;65;sea;false;ocean;0
626;60;7;2;sea;true;ocean;0
627;6;0;3;sea;false;ocean;0
628;50;39;2;sea;true;ocean;0
629;2;18;0;sea;true;ocean;0
630;1;69;16;sea;false;ocean;0
631;7;72;11;sea;true;ocean;0
632;7;71;21;sea;false;ocean;0
633;6;48;37;sea;false;ocean;0
634;47;34;18;sea;false;ocean;0
635;63;20;8;sea;false;ocean;0
636;11;12;15;sea;false;ocean;0
637;46;3;48;sea;false;ocean;0
638;5;25;47;sea;true;ocean;0
639;8;27;29;sea;false;ocean;0
640;12;62;12;sea;true;ocean;0
641;10;30;52;sea;true;ocean;0
642;65;8;8;sea;false;ocean;0
643;17;33;47;sea;false;ocean;0
644;14;29;49;sea;false;ocean;0
645;22;37;2;sea;false;ocean;0
646;6;27;12;sea;true;ocean;0
647;71;21;7;sea;false;ocean;0
648;28;12;42;sea;false;ocean;0
649;5;24;19;sea;false;ocean;0
650;8;49;17;sea;true;ocean;0
651;11;22;55;sea;false;ocean;0
652;60;13;11;sea;false;ocean;0
653;24;43;3;sea;false;ocean;0
654;33;4;15;sea;false;ocean;0
655;34;8;26;sea;true;ocean;0
656;3;58;3;sea;false;ocean;0
657;47;5;2;sea;true;ocean;0
658;6;3;66;sea;true;ocean;0
659;60;1;27;sea;false;ocean;0
660;55;1;14;sea;false;ocean;0
661;30;24;4;sea;false;ocean;0
662;9;29;36;sea;false;ocean;0
663;49;16;27;sea;false;ocean;0
664;24;27;23;sea;false;ocean;0
665;29;26;29;sea;false;ocean;0
666;15;18;31;sea;false;ocean;0
667;7;24;50;sea;false;ocean;0
668;53;18;20;sea;false;ocean;0
669;35;35;27;sea;false;ocean;0
670;12;33;23;sea;false;ocean;0
671;50;14;10;sea;false;ocean;0
672;9;66;17;sea;false;ocean;0
673;4;61;1;sea;false;ocean;0
674;23;21;4;sea;true;ocean;0
675;27;28;37;sea;false;ocean;0
676;18;50;22;sea;true;ocean;0
677;46;4;43;sea;false;ocean;0
678;16;9;22;sea;true;ocean;0
679;47;14;20;sea;true;ocean;0
680;44;39;2;sea;false;ocean;0
681;4;5;16;sea;false;ocean;0
682;20;63;3;sea;false;ocean;0
683;13;10;11;sea;true;ocean;0
684;4;2;1;sea;true;ocean;0
685;56;2;28;sea;false;ocean;0
686;4;23;62;sea;false;ocean;0
687;15;41;35;sea;false;ocean;0
688;17;30;5;sea;true;ocean;0
689;60;30;0;sea;false;ocean;0
690;64;4;8;sea;true;ocean;0
691;30;9;8;sea;false;ocean;0
692;20;10;42;sea;true;ocean;0
693;18;18;35;sea;false;ocean;0
694;70;1;19;sea;true;ocean;0
695;16;2;63;sea;true;ocean;0
696;38;19;38;sea;true;ocean;0
697;38;39;21;sea;false;ocean;0
698;32;0;4;sea;false;ocean;0
699;7;6;40;sea;false;ocean;0
700;18;5;54;sea;false;ocean;0
701;28;8;44;sea;false;ocean;0
702;19;13;34;sea;false;ocean;0
703;57;11;7;sea;false;ocean;0
704;38;37;2;sea;false;ocean;0
705;1;2;95;sea;false;ocean;0
706;24;35;11;sea;true;ocean;0
707;1;41;21;sea;true;ocean;0
708;3;58;2;sea;false;ocean;0
709;54;12;12;sea;true;ocean;0
710;14;56;16;sea;false;ocean;0
711;7;43;5;sea;false;ocean;0
712;24;59;12;sea;false;ocean;0
713;76;10;1;sea;false;ocean;0
714;47;24;3;sea;false;ocean;0
715;49;14;10;sea;false;ocean;0
716;16;35;47;sea;false;ocean;0
717;27;4;25;sea;true;ocean;0
718;29;11;53;sea;false;ocean;0
719;6;49;38;sea;false;ocean;0
720;8;3;32;sea;false;ocean;0
721;7;62;20;sea;false;ocean;0
722;13;65;3;sea;false;ocean;0
723;14;17;41;sea;false;ocean;0
724;12;24;29;sea;false;ocean;0
725;8;55;6;sea;false;ocean;0
726;4;43;22;sea;false;ocean;0
727;42;14;25;sea;false;ocean;0
728;0;36;54;sea;false;ocean;0
729;18;14;36;sea;false;ocean;0
730;27;12;21;sea;true;ocean;0
731;41;39;9;sea;true;ocean;0
732;9;13;3;sea;true;ocean;0
733;23;4;1;sea;false;ocean;0
734;70;4;7;sea;false;ocean;0
735;51;12;24;sea;false;ocean;0
736;40;32;16;sea;false;ocean;0
737;10;27;48;sea;false;ocean;0
738;20;11;31;sea;false;ocean;0
739;31;0;1;sea;false;ocean;0
740;48;34;0;sea;true;ocean;0
741;30;6;61;sea;false;ocean;0
742;23;2;36;sea;false;ocean;0
743;0;16;5;sea;false;ocean;0
744;41;57;0;sea;true;ocean;0
745;31;46;10;sea;false;ocean;0
746;8;35;46;sea;true;ocean;0
747;46;23;27;sea;false;ocean;0
748;21;43;12;sea;true;ocean;0
749;8;65;17;sea;false;ocean;0
750;3;58;20;sea;false;ocean;0
751;8;59;0;sea;false;ocean;0
752;18;7;18;sea;false;ocean;0
753;4;18;57;sea;false;ocean;0
754;12;25;8;sea;false;ocean;0
755;19;13;62;sea;true;ocean;0
756;14;31;20;sea;false;ocean;0
757;12;56;19;sea;false;ocean;0
758;9;21;27;sea;false;ocean;0
759;53;18;3;sea;false;ocean;0
760;36;36;18;sea;false;ocean;0
761;1;4;27;sea;true;ocean;0
762;48;18;19;sea;false;ocean;0
763;7;69;13;sea;true;ocean;0
764;2;81;5;sea;true;ocean;0
765;52;9;35;sea;false;ocean;0
766;32;30;36;sea;false;ocean;0
767;29;15;3;sea;false;ocean;0
768;44;7;4;sea;false;ocean;0
769;18;28;49;sea;false;ocean;0
770;83;7;2;sea;false;ocean;0
771;9;45;5;sea;false;ocean;0
772;3;50;16;sea;true;ocean;0
773;32;41;4;sea;false;ocean;0
774;75;0;15;sea;true;ocean;0
775;53;5;23;sea;false;ocean;0
776;15;14;34;sea;true;ocean;0
777;12;4;16;sea;false;ocean;0
778;47;23;3;sea;false;ocean;0
779;9;15;72;sea;false;ocean;0
780;24;10;65;sea;false;ocean;0
781;18;31;11;sea;true;ocean;0
782;21;21;28;sea;false;ocean;0
783;18;12;6;sea;true;ocean;0
784;14;57;12;sea;true;ocean;0
785;3;7;32;sea;true;ocean;0
786;16;48;14;sea;true;ocean;0
787;49;8;39;sea;true;ocean;0
788;24;31;36;sea;true;ocean;0
789;16;18;30;sea;true;ocean;0
790;11;19;20;sea;true;ocean;0
791;14;55;2;sea;false;ocean;0
792;26;15;38;sea;false;ocean;0
793;57;15;20;sea;true;ocean;0
794;45;6;4;sea;false;ocean;0
795;28;21;37;sea;true;ocean;0
796;5;5;42;sea;false;ocean;0
797;14;9;41;sea;true;ocean;0
798;30;40;6;sea;false;ocean;0
799;38;25;19;sea;true;ocean;0
800;38;16;25;sea;false;ocean;0
801;29;22;48;sea;false;ocean;0
802;0;35;22;sea;false;ocean;0
803;28;28;13;sea;false;ocean;0
804;58;16;24;sea;false;ocean;0
805;45;17;31;sea;false;ocean;0
806;15;45;16;sea;false;ocean;0
807;39;21;18;sea;true;ocean;0
808;1;32;49;sea;true;ocean;0
809;7;9;52;sea;true;ocean;0
810;46;17;3;sea;false;ocean;0
811;17;8;23;sea;false;ocean;0
812;52;5;30;sea;true;ocean;0
813;30;24;37;sea;true;ocean;0
814;8;2;63;sea;true;ocean;0
815;24;35;8;sea;false;ocean;0
816;3;61;10;sea;true;ocean;0
817;34;11;25;sea;false;ocean;0
818;36;23;11;sea;false;ocean;0
819;2;44;26;sea;false;ocean;0
820;24;39;5;sea;false;ocean;0
821;33;3;14;sea;true;ocean;0
822;37;47;1;sea;false;ocean;0
823;10;25;48;sea;true;ocean;0
824;12;9;19;sea;false;ocean;0
825;2;30;42;sea;false;ocean;0
826;1;58;23;sea;false;ocean;0
827;23;37;36;sea;false;ocean;0
828;15;73;10;sea;false;ocean;0
829;23;33;36;sea;true;ocean;0
830;0;2;19;sea;false;ocean;0
831;1;80;7;sea;false;ocean;0
832;42;17;32;sea;true;ocean;0
833;0;9;74;sea;false;ocean;0
834;1;48;28;sea;true;ocean;0
835;60;5;32;sea;false;ocean;0
836;5;28;1;sea;false;ocean;0
837;21;38;12;sea;true;ocean;0
838;2;65;24;sea;false;ocean;0
839;34;42;14;sea;true;ocean;0
840;31;25;42;sea;true;ocean;0
841;9;57;0;sea;false;ocean;0
842;4;56;2;sea;false;ocean;0
843;44;21;11;sea;true;ocean;0
844;66;25;3;sea;false;ocean;0
845;22;11;48;sea;false;ocean;0
846;21;29;20;sea;false;ocean;0
847;22;35;41;sea;true;ocean;0
848;8;20;35;sea;false;ocean;0
849;4;16;34;sea;false;ocean;0
850;31;9;35;sea;true;ocean;0
851;37;13;31;sea;false;ocean;0
852;17;34;46;sea;true;ocean;0
853;28;11;37;sea;true;ocean;0
854;12;10;4;sea;true;ocean;0
855;34;3;57;sea;true;ocean;0
856;54;20;9;sea;true;ocean;0
857;37;20;32;sea;true;ocean;0
858;11;8;18;sea;true;ocean;0
859;4;63;32;sea;false;ocean;0
860;9;33;24;sea;false;ocean;0
861;27;39;27;sea;false;ocean;0
862;2;59;11;sea;false;ocean;0
863;49;1;29;sea;false;ocean;0
864;26;25;6;sea;false;ocean;0
865;23;49;10;sea;true;ocean;0
866;18;32;48;sea;true;ocean;0
867;13;22;58;sea;false;ocean;0
868;29;25;0;sea;false;ocean;0
869;58;23;3;sea;true;ocean;0
870;37;32;28;sea;true;ocean;0
871;19;31;45;sea;true;ocean;0
872;7;32;3;sea;true;ocean;0
873;39;10;40;sea;true;ocean;0
874;28;63;4;sea;false;ocean;0
875;28;29;31;sea;true;ocean;0
876;9;74;1;sea;false;ocean;0
877;23;5;42;sea;false;ocean;0
878;36;13;21;sea;false;ocean;0
879;44;3;1;sea;false;ocean;0
880;21;70;8;sea;false;ocean;0
881;9;24;63;sea;true;ocean;0
882;51;2;3;sea;false;ocean;0
883;86;3;6;sea;false;ocean;0
884;18;8;71;sea;false;ocean;0
885;33;0;22;sea;false;ocean;0
886;14;35;10;sea;true;ocean;0
887;48;22;22;sea;false;ocean;0
888;86;4;4;sea;true;ocean;0
889;48;1;7;sea;true;ocean;0
890;37;34;16;sea;true;ocean;0
891;30;0;17;sea;false;ocean;0
892;2;4;47;sea;true;ocean;0
893;3;44;52;sea;false;ocean;0
894;9;31;50;sea;false;ocean;0
895;22;13;57;sea;false;ocean;0
896;17;72;8;sea;false;ocean;0
897;9;30;19;sea;true;ocean;0
898;4;54;22;sea;false;ocean;0
899;6;37;27;sea;false;ocean;0
900;17;20;43;sea;true;ocean;0
901;34;34;20;sea;false;ocean;0
902;33;18;11;sea;true;ocean;0
903;3;9;54;sea;true;ocean;0
904;37;20;8;sea;true;ocean;0
905;32;19;48;sea;false;ocean;0
906;2;32;45;sea;false;ocean;0
907;45;36;4;sea;true;ocean;0
908;6;68;12;sea;true;ocean;0
909;31;6;27;sea;true;ocean;0
910;15;32;17;sea;false;ocean;0
911;2;5;92;sea;false;ocean;0
912;14;71;7;sea;false;ocean;0
913;2;28;55;sea;false;ocean;0
914;4;8;16;sea;false;ocean;0
915;4;7;20;sea;true;ocean;0
916;12;36;20;sea;false;ocean;0
917;26;7;36;sea;false;ocean;0
918;9;20;59;sea;false;ocean;0
919;18;12;60;sea;false;ocean;0
920;18;0;35;sea;false;ocean;0
921;25;30;4;sea;true;ocean;0
922;13;24;58;sea;false;ocean;0
923;24;37;35;sea;false;ocean;0
924;16;11;45;sea;false;ocean;0
925;6;16;8;sea;false;ocean;0
926;62;9;2;sea;true;ocean;0
927;14;5;28;sea;false;ocean;0
928;45;8;44;sea;true;ocean;0
929;12;60;0;sea;false;ocean;0
930;12;39;44;sea;true;ocean;0
931;15;3;46;sea;false;ocean;0
932;29;58;9;sea;true;ocean;0
933;9;4;1;sea;false;ocean;0
934;15;18;46;sea;true;ocean;0
935;80;1;14;sea;false;ocean;0
936;0;0;76;sea;false;ocean;0
937;7;41;41;sea;false;ocean;0
938;2;15;65;sea;true;ocean;0
939;20;14;38;sea;false;ocean;0
940;21;10;49;sea;false;ocean;0
941;1;7;87;sea;false;ocean;0
942;4;37;23;sea;true;ocean;0
943;0;35;36;sea;false;ocean;0
944;10;27;42;sea;false;ocean;0
945;28;26;29;sea;true;ocean;0
946;13;61;25;sea;true;ocean;0
947;28;12;7;sea;true;ocean;0
948;39;26;22;sea;false;ocean;0
949;55;23;8;sea;false;ocean;0
950;37;41;7;sea;false;ocean;0
951;14;32;26;sea;false;ocean;0
952;29;28;1;sea;true;ocean;0
953;41;42;1;sea;false;ocean;0
954;4;23;3;sea;false;ocean;0
955;26;14;20;sea;false;ocean;0
956;0;23;4;sea;false;ocean;0
957;0;69;28;sea;true;ocean;0
958;5;3;27;sea;false;ocean;0
959;38;37;3;sea;true;ocean;0
960;15;42;20;sea;false;ocean;0
961;2;3;6;sea;false;ocean;0
962;16;36;9;sea;true;ocean;0
963;36;12;50;sea;false;ocean;0
964;2;15;76;sea;true;ocean;0
965;3;1;5;sea;true;ocean;0
966;13;37;0;sea;false;ocean;0
967;22;27;25;sea;false;ocean;0
968;72;2;4;sea;true;ocean;0
969;16;53;19;sea;true;ocean;0
970;28;15;6;sea;true;ocean;0
971;10;33;15;sea;true;ocean;0
972;14;50;33;sea;false;ocean;0
973;21;21;53;sea;false;ocean;0
974;5;53;5;sea;false;ocean;0
975;2;12;21;sea;false;ocean;0
976;6;10;77;sea;true;ocean;0
977;48;37;5;sea;false;ocean;0
978;42;16;8;sea;true;ocean;0
979;6;7;75;sea;true;ocean;0
980;33;1;37;sea;true;ocean;0
981;11;3;37;sea;false;ocean;0
982;23;9;65;sea;true;ocean;0
983;29;18;1;sea;true;ocean;0
984;25;16;20;sea;true;ocean;0
985;41;22;25;sea;false;ocean;0
986;54;1;1;sea;true;ocean;0
987;15;10;6;sea;true;ocean;0
988;17;0;7;sea;false;ocean;0
989;16;12;51;sea;false;ocean;0
990;49;39;3;sea;true;ocean;0
991;4;23;15;sea;false;ocean;0
992;4;14;49;sea;true;ocean;0
993;33;21;17;sea;true;ocean;0
994;10;24;12;sea;false;ocean;0
995;14;0;55;sea;false;ocean;0
996;22;9;66;sea;false;ocean;0
997;4;41;43;sea;true;ocean;0
998;6;12;62;sea;true;ocean;0
999;23;0;53;sea;true;ocean;0
1000;8;7;47;sea;true;ocean;0
1001;0;70;20;sea;true;ocean;0
1002;10;20;54;sea;true;ocean;0
1003;17;27;27;sea;true;ocean;0
1004;15;43;27;sea;true;ocean;0
1005;10;29;37;sea;false;ocean;0
1006;52;21;15;sea;true;ocean;0
1007;10;61;3;sea;false;ocean;0
1008;20;24;55;sea;true;ocean;0
1009;72;2;2;sea;false;ocean;0
1010;13;32;39;sea;false;ocean;0
1011;62;12;9;sea;true;ocean;0
1012;1;8;87;sea;true;ocean;0
1013;34;12;20;sea;false;ocean;0
1014;20;2;1;sea;false;ocean;0
1015;25;15;1;sea;false;ocean;0
1016;16;5;8;sea;true;ocean;0
1017;35;1;14;sea;true;ocean;0
1018;21;20;53;sea;true;ocean;0
1019;23;45;31;sea;false;ocean;0
1020;23;0;18;sea;true;ocean;0
1021;54;24;20;sea;false;ocean;0
1022;0;10;88;sea;true;ocean;0
1023;11;65;6;sea;false;ocean;0
1024;36;14;9;sea;true;ocean;0
1025;34;10;18;sea;false;ocean;0
1026;1;60;0;sea;false;ocean;0
1027;20;14;34;sea;false;ocean;0
1028;20;35;30;sea;false;ocean;0
1029;10;12;14;sea;false;ocean;0
1030;15;16;43;sea;false;ocean;0
1031;29;15;5;sea;false;ocean;0
1032;9;27;6;sea;true;ocean;0
1033;44;6;38;sea;false;ocean;0
1034;59;12;17;sea;false;ocean;0
1035;2;22;35;sea;false;ocean;0
1036;8;14;6;sea;false;ocean;0
1037;1;10;49;sea;true;ocean;0
1038;3;7;74;sea;true;ocean;0
1039;17;3;37;sea;true;ocean;0
1040;58;9;15;sea;false;ocean;0
1041;7;29;18;sea;true;ocean;0
1042;38;11;45;sea;false;ocean;0
1043;69;3;25;sea;false;ocean;0
1044;44;18;26;sea;false;ocean;0
1045;22;24;26;sea;false;ocean;0
1046;8;38;12;sea;true;ocean;0
1047;28;32;5;sea;true;ocean;0
1048;12;30;25;sea;false;ocean;0
1049;18;3;10;sea;true;ocean;0
1050;78;18;3;sea;false;ocean;0
1051;10;3;55;sea;true;ocean;0
1052;16;11;39;sea;true;ocean;0
1053;1;74;18;sea;true;ocean;0
1054;67;20;8;sea;false;ocean;0
1055;63;23;0;sea;true;ocean;0
1056;53;19;8;sea;true;ocean;0
1057;6;30;53;sea;false;ocean;0
1058;4;8;1;sea;false;ocean;0
1059;71;2;16;sea;false;ocean;0
1060;5;59;22;sea;false;ocean;0
1061;3;30;21;sea;true;ocean;0
1062;1;37;14;sea;true;ocean;0
1063;64;3;3;sea;true;ocean;0
1064;43;6;16;sea;false;ocean;0
1065;1;32;22;sea;true;ocean;0
1066;0;23;14;sea;false;ocean;0
1067;16;4;63;sea;true;ocean;0
1068;16;26;57;sea;true;ocean;0
1069;2;80;11;sea;true;ocean;0
1070;64;20;1;sea;false;ocean;0
1071;5;11;30;sea;false;ocean;0
1072;15;36;47;sea;true;ocean;0
1073;40;30;1;sea;false;ocean;0
1074;55;3;25;sea;true;ocean;0
1075;79;1;18;sea;false;ocean;0
1076;4;16;22;sea;false;ocean;0
1077;0;69;7;sea;true;ocean;0
1078;2;73;2;sea;true;ocean;0
1079;33;11;35;sea;false;ocean;0
1080;7;26;0;sea;false;ocean;0
1081;79;3;13;sea;true;ocean;0
1082;12;1;31;sea;false;ocean;0
1083;1;53;20;sea;false;ocean;0
1084;20;11;37;sea;false;ocean;0
1085;2;60;11;sea;false;ocean;0
1086;10;15;64;sea;true;ocean;0
1087;37;26;28;sea;false;ocean;0
1088;1;67;10;sea;false;ocean;0
1089;60;30;4;sea;false;ocean;0
1090;12;58;1;sea;false;ocean;0
1091;5;0;60;sea;false;ocean;0
1092;9;9;64;sea;false;ocean;0
1093;16;40;23;sea;true;ocean;0
1094;26;11;4;sea;false;ocean;0
1095;49;10;18;sea;false;ocean;0
1096;9;10;72;sea;false;ocean;0
1097;54;11;12;sea;false;ocean;0
1098;3;14;58;sea;false;ocean;0
1099;38;5;28;sea;false;ocean;0
1100;18;30;2;sea;false;ocean;0
1101;5;3;58;sea;false;ocean;0
1102;74;7;1;sea;false;ocean;0
1103;29;56;1;sea;true;ocean;0
1104;53;21;18;sea;false;ocean;0
1105;28;6;35;sea;true;ocean;0
1106;3;8;52;sea;true;ocean;0
1107;12;31;46;sea;true;ocean;0
1108;35;37;7;sea;true;ocean;0
1109;1;20;46;sea;true;ocean;0
1110;31;3;41;sea;true;ocean;0
1111;44;0;15;sea;true;ocean;0
1112;18;14;3;sea;true;ocean;0
1113;28;18;34;sea;true;ocean;0
1114;26;46;25;sea;true;ocean;0
1115;31;31;31;sea;false;ocean;0
1116;32;37;0;sea;true;ocean;0
1117;24;11;3;sea;false;ocean;0
1118;23;2;48;sea;false;ocean;0
1119;30;29;4;sea;true;ocean;0
1120;11;22;4;sea;false;ocean;0
1121;31;3;20;sea;false;ocean;0
1122;12;29;32;sea;true;ocean;0
1123;27;12;48;sea;false;ocean;0
1124;22;17;49;sea;false;ocean;0
1125;0;24;64;sea;true;ocean;0
1126;75;1;13;sea;false;ocean;0
1127;12;22;33;sea;true;ocean;0
1128;57;25;5;sea;false;ocean;0
1129;2;1;91;sea;true;ocean;0
1130;14;61;11;sea;false;ocean;0
1131;4;6;31;sea;false;ocean;0
1132;9;32;1;sea;true;ocean;0
1133;15;53;18;sea;false;ocean;0
1134;36;3;20;sea;false;ocean;0
1135;6;19;43;sea;false;ocean;0
1136;37;5;14;sea;false;ocean;0
1137;75;6;3;sea;false;ocean;0
1138;40;22;36;sea;false;ocean;0
1139;33;13;3;sea;true;ocean;0
1140;5;8;31;sea;true;ocean;0
1141;22;27;44;sea;false;ocean;0
1142;27;27;14;sea;false;ocean;0
1143;21;40;12;sea;true;ocean;0
1144;18;30;46;sea;true;ocean;0
1145;7;40;37;sea;true;ocean;0
1146;28;9;29;sea;false;ocean;0
1147;30;22;37;sea;true;ocean;0
1148;13;36;15;sea;false;ocean;0
1149;23;37;27;sea;false;ocean;0
1150;17;17;34;sea;false;ocean;0
1151;19;7;53;sea;true;ocean;0
1152;57;5;29;sea;true;ocean;0
1153;2;15;35;sea;false;ocean;0
1154;11;53;34;sea;true;ocean;0
1155;9;40;46;sea;true;ocean;0
1156;0;56;30;sea;true;ocean;0
1157;8;61;1;sea;true;ocean;0
1158;1;55;9;sea;false;ocean;0
1159;14;18;64;sea;false;ocean;0
1160;8;42;34;sea;false;ocean;0
1161;6;36;44;sea;true;ocean;0
1162;6;41;1;sea;true;ocean;0
1163;8;28;58;sea;false;ocean;0
1164;32;3;53;sea;false;ocean;0
1165;25;18;49;sea;true;ocean;0
1166;53;3;14;sea;true;ocean;0
1167;24;1;14;sea;true;ocean;0
1168;37;17;2;sea;false;ocean;0
1169;24;44;24;sea;false;ocean;0
1170;18;21;13;sea;false;ocean;0
1171;55;34;10;sea;false;ocean;0
1172;26;39;34;sea;false;ocean;0
1173;2;75;17;sea;true;ocean;0
1174;21;39;39;sea;true;ocean;0
1175;52;15;29;sea;false;ocean;0
1176;15;26;28;sea;true;ocean;0
1177;44;16;29;sea;true;ocean;0
1178;37;28;21;sea;false;ocean;0
1179;0;20;30;sea;true;ocean;0
1180;2;58;19;sea;true;ocean;0
1181;15;19;15;sea;false;ocean;0
1182;3;4;66;sea;false;ocean;0
1183;74;8;8;sea;false;ocean;0
1184;9;10;65;sea;false;ocean;0
1185;14;29;41;sea;false;ocean;0
1186;13;40;27;sea;false;ocean;0
1187;23;24;15;sea;true;ocean;0
1188;18;29;34;sea;false;ocean;0
1189;26;11;33;sea;true;ocean;0
1190;49;27;2;sea;false;ocean;0
1191;21;13;15;sea;false;ocean;0
1192;13;30;54;sea;true;ocean;0
1193;5;20;2;sea;false;ocean;0
1194;3;78;4;sea;false;ocean;0
1195;60;27;11;sea;true;ocean;0
1196;29;15;48;sea;true;ocean;0
1197;32;9;0;sea;false;ocean;0
1198;11;17;23;sea;false;ocean;0
1199;54;1;42;sea;true;ocean;0
1200;4;21;4;sea;false;ocean;0
1201;24;9;2;sea;true;ocean;0
1202;24;39;29;sea;true;ocean;0
1203;14;68;17;sea;false;ocean;0
1204;6;71;19;sea;false;ocean;0
1205;1;43;31;sea;false;ocean;0
1206;27;55;13;sea;false;ocean;0
1207;43;1;54;sea;true;ocean;0
1208;14;5;68;sea;false;ocean;0
1209;9;6;72;sea;false;ocean;0
1210;10;14;30;sea;true;ocean;0
1211;3;47;0;sea;false;ocean;0
1212;21;2;15;sea;false;ocean;0
1213;1;22;69;sea;false;ocean;0
1214;1;22;76;sea;true;ocean;0
1215;23;40;2;sea;false;ocean;0
1216;4;4;24;sea;true;ocean;0
1217;19;20;35;sea;false;ocean;0
1218;43;10;44;sea;false;ocean;0
1219;12;25;17;sea;true;ocean;0
1220;33;39;12;sea;true;ocean;0
1221;12;71;11;sea;true;ocean;0
1222;44;12;1;sea;false;ocean;0
1223;1;66;18;sea;false;ocean;0
1224;4;37;11;sea;false;ocean;0
1225;31;18;2;sea;true;ocean;0
1226;10;37;30;sea;false;ocean;0
1227;5;9;10;sea;false;ocean;0
1228;13;0;24;sea;true;ocean;0
1229;4;42;14;sea;false;ocean;0
1230;35;2;27;sea;true;ocean;0
1231;16;26;27;sea;true;ocean;0
1232;13;68;17;sea;true;ocean;0
1233;1;42;4;sea;true;ocean;0
1234;3;73;23;sea;false;ocean;0
1235;43;15;28;sea;true;ocean;0
1236;25;12;44;sea;false;ocean;0
1237;54;11;24;sea;true;ocean;0
1238;7;24;46;sea;false;ocean;0
1239;20;53;6;sea;true;ocean;0
1240;6;13;42;sea;true;ocean;0
1241;2;42;23;sea;false;ocean;0
1242;64;8;5;sea;false;ocean;0
1243;2;9;40;sea;false;ocean;0
1244;5;76;15;sea;false;ocean;0
1245;34;32;12;sea;true;ocean;0
1246;11;39;16;sea;false;ocean;0
1247;6;16;38;sea;false;ocean;0
1248;53;3;29;sea;true;ocean;0
1249;38;34;19;sea;false;ocean;0
1250;7;9;50;sea;true;ocean;0
1251;16;57;21;sea;true;ocean;0
1252;50;30;19;sea;false;ocean;0
1253;25;14;2;sea;true;ocean;0
1254;23;32;32;sea;true;ocean;0
1255;43;44;11;sea;true;ocean;0
1256;19;23;9;sea;false;ocean;0
1257;24;23;13;sea;false;ocean;0
1258;8;21;31;sea;false;ocean;0
1259;34;6;43;sea;false;ocean;0
1260;21;4;66;sea;false;ocean;0
1261;31;43;15;sea;false;ocean;0
1262;34;40;16;sea;true;ocean;0
1263;7;11;68;sea;true;ocean;0
1264;52;12;22;sea;true;ocean;0
1265;29;0;0;sea;true;ocean;0
1266;25;41;21;sea;false;ocean;0
1267;7;14;23;sea;false;ocean;0
1268;21;40;4;sea;true;ocean;0
1269;20;45;18;sea;true;ocean;0
1270;38;22;20;sea;true;ocean;0
1271;14;28;9;sea;false;ocean;0
1272;49;18;11;sea;true;ocean;0
1273;72;2;11;sea;true;ocean;0
1274;30;16;42;sea;true;ocean;0
1275;18;5;34;sea;true;ocean;0
1276;2;73;23;sea;true;ocean;0
1277;4;10;38;sea;false;ocean;0
1278;29;9;42;sea;true;ocean;0
1279;29;27;37;sea;false;ocean;0
1280;32;17;19;sea;false;ocean;0
1281;8;8;10;sea;false;ocean;0
1282;71;22;2;sea;false;ocean;0
1283;5;36;47;sea;false;ocean;0
1284;13;28;21;sea;false;ocean;0
1285;23;31;19;sea;false;ocean;0
1286;5;40;30;sea;true;ocean;0
1287;35;1;36;sea;true;ocean;0
1288;27;41;18;sea;true;ocean;0
1289;33;28;5;sea;false;ocean;0
1290;5;24;68;sea;true;ocean;0
1291;3;4;8;sea;true;ocean;0
1292;23;51;14;sea;false;ocean;0
1293;7;14;21;sea;true;ocean;0
1294;9;25;64;sea;true;ocean;0
1295;10;18;55;sea;false;ocean;0
1296;7;42;7;sea;false;ocean;0
1297;19;29;17;sea;false;ocean;0
1298;12;54;14;sea;false;ocean;0
1299;23;57;12;sea;true;ocean;0
1300;1;4;13;sea;false;ocean;0
1301;15;6;46;sea;false;ocean;0
1302;32;9;47;sea;false;ocean;0
1303;5;7;71;sea;false;ocean;0
1304;11;48;11;sea;false;ocean;0
1305;33;3;61;sea;true;ocean;0
1306;2;57;34;sea;false;ocean;0
1307;39;53;5;sea;true;ocean;0
1308;38;22;0;sea;true;ocean;0
1309;20;29;18;sea;true;ocean;0
1310;53;34;0;sea;true;ocean;0
1311;41;29;0;sea;true;ocean;0
1312;42;8;39;sea;true;ocean;0
1313;39;19;2;sea;true;ocean;0
1314;27;13;9;sea;true;ocean;0
1315;41;27;19;sea;true;ocean;0
1316;28;27;42;sea;true;ocean;0
1317;15;6;58;sea;true;ocean;0
1318;2;68;12;sea;true;ocean;0
1319;13;1;62;sea;true;ocean;0
1320;6;23;12;sea;true;ocean;0
1321;9;49;14;sea;true;ocean;0
1322;10;28;12;sea;true;ocean;0
1323;31;18;29;sea;true;ocean;0
1324;14;26;3;sea;true;ocean;0
1325;29;10;21;sea;true;ocean;0
1326;15;33;32;sea;true;ocean;0
1327;3;15;47;sea;true;ocean;0
1328;40;43;5;sea;true;ocean;0
1329;4;89;5;sea;true;ocean;0
1330;12;39;42;sea;true;ocean;0
1331;27;45;8;sea;true;ocean;0
1332;4;21;22;sea;true;ocean;0
1333;24;1;57;sea;true;ocean;0
1334;60;0;11;sea;true;ocean;0
1335;37;4;10;sea;true;ocean;0
1336;15;12;67;sea;true;ocean;0
1337;8;46;25;sea;true;ocean;0
1338;3;20;16;sea;true;ocean;0
1339;4;53;23;sea;true;ocean;0
1340;27;24;24;sea;true;ocean;0
1341;21;20;40;sea;true;ocean;0
1342;46;21;24;sea;true;ocean;0
1343;26;22;11;sea;true;ocean;0
1344;57;33;48;lake;false;lakes;0
1345;46;47;40;lake;false;lakes;0
